종목명,기호,종가,변동 %,시가 총액,거래량,섹터
KB금융,105560,64.00K,1.43%,23.89T,1.29M,금융
신한지주,055550,41.90K,3.33%,20.66T,1.78M,금융
하나금융지주,086790,53.50K,2.29%,15.06T,983.45K,금융
삼성생명,032830,78.00K,0.00%,14.01T,240.02K,금융
메리츠금융지주,138040,76.30K,4.38%,13.13T,364.94K,금융
삼성화재 우선주,000815,225.00K,0.22%,11.63T,4.41K,금융
삼성화재,000810,277.00K,0.00%,11.63T,70.64K,금융
카카오뱅크,323410,24.05K,3.66%,11.06T,572.21K,금융
SK스퀘어,402340,83.70K,6.22%,10.61T,482.45K,금융
기업은행,024110,13.28K,3.75%,10.21T,1.26M,금융
우리금융지주,316140,13.50K,2.51%,9.78T,1.61M,금융
맥쿼리인프라,088980,12.58K,0.72%,5.44T,651.16K,금융
DB손해보험,005830,88.80K,0.79%,5.29T,113.84K,금융
삼성카드,029780,35.80K,-1.51%,3.88T,49.81K,금융
NH 투자증권 우,005945,10.45K,1.46%,3.79T,23.78K,금융
미래에셋대우2우b,00680K,3.52K,0.57%,3.79T,75.30K,금융
미래에셋우,006805,3.93K,0.38%,3.79T,108.42K,금융
NH투자증권,005940,11.34K,3.18%,3.79T,655.74K,금융
미래에셋증권,006800,7.30K,0.69%,3.79T,345.31K,금융
한국금융우,071055,44.20K,1.03%,3.46T,6.01K,금융
한국금융지주,071050,61.80K,1.48%,3.46T,69.27K,금융
키움증권,039490,126.40K,6.13%,3.25T,76.07K,금융
삼성증권,016360,36.00K,0.00%,3.21T,323.69K,금융
BNK금융지주,138930,7.82K,0.90%,2.50T,716.08K,금융
현대해상,001450,29.35K,0.34%,2.29T,270.94K,금융
JB금융지주,175330,12.09K,1.00%,2.27T,226.61K,금융
한화생명,088350,2.63K,0.38%,1.97T,1.26M,금융
한화3우B,00088K,14.79K,0.27%,1.92T,57.74K,금융
한화우,000885,31.35K,-4.71%,1.92T,911.00,금융
한화,000880,26.25K,1.55%,1.92T,212.68K,금융
DGB금융지주,139130,8.12K,-0.25%,1.35T,513.47K,금융
코리안리,003690,7.81K,1.43%,1.13T,209.10K,금융
롯데손해보험,000400,3.19K,1.59%,972.15B,2.52M,금융
대신증권2우B,003547,13.62K,0.89%,953.82B,12.36K,금융
대신증권우,003545,14.08K,0.72%,953.82B,26.32K,금융
대신증권,003540,14.58K,1.25%,953.82B,44.59K,금융
다우기술,023590,18.50K,2.27%,780.60B,70.50K,금융
동양생명,082640,4.93K,0.41%,766.20B,128.17K,금융
한화투자증권우,003535,7.93K,-1.61%,761.01B,17.09K,금융
한화투자증권,003530,3.42K,0.44%,761.01B,1.41M,금융
미래에셋생명,085620,4.96K,1.75%,635.44B,73.94K,금융
교보증권,030610,4.83K,0.52%,541.77B,26.29K,금융
유안타우,003475,2.76K,1.28%,538.77B,4.53K,금융
유안타증권,003470,2.67K,2.10%,538.77B,113.05K,금융
LX홀딩스,383800,6.75K,-0.15%,515.35B,61.13K,금융
LX홀딩스1우,38380K,9.00K,0.22%,515.35B,1.91K,금융
제주은행,006220,14.75K,-4.35%,495.43B,4.81M,금융
신영증권우,001725,63.80K,0.00%,493.34B,0.00,금융
신영증권,001720,64.10K,1.26%,493.34B,4.51K,금융
한화손해보험,000370,4.38K,4.40%,489.81B,704.36K,금융
유진투자증권,001200,4.29K,-5.81%,418.79B,2.52M,금융
스틱인베스트먼트,026890,8.35K,0.72%,303.18B,91.11K,금융
현대차증권,001500,8.48K,0.71%,267.02B,7.36K,금융
SK증권,001510,594.00,1.02%,243.38B,929.61K,금융
SK증권우,001515,2.04K,-0.24%,243.38B,9.02K,금융
흥국화재,000540,3.79K,1.74%,239.63B,176.91K,금융
흥국화재우,000545,6.71K,3.23%,239.63B,15.57K,금융
대덕,008060,6.16K,-0.16%,217.77B,25.37K,금융
부국증권,001270,23.45K,3.08%,195.28B,1.95K,금융
부국증권우,001275,20.30K,0.00%,195.28B,233.00,금융
다올투자증권,030210,3.12K,2.30%,180.17B,47.59K,금융
진양홀딩스,100250,3.21K,0.00%,171.53B,20.38K,금융
DB금융투자,016610,4.00K,0.13%,162.91B,43.06K,금융
한양증권,001750,10.18K,0.99%,128.30B,6.54K,금융
한양증권우,001755,12.96K,-0.84%,128.30B,579.00,금융
유화증권,003460,2.23K,0.22%,104.03B,2.12K,금융
유화증권우,003465,2.23K,-0.45%,104.03B,786.00,금융
에이플러스에셋,244920,3.79K,0.40%,85.46B,12.51K,금융
상상인증권,001290,696.00,0.87%,73.32B,159.04K,금융
한국패러랠,168490,251.00,-1.57%,20.41B,1.26M,금융
TIGER 차이나CSI300레버리지,204480,15.28K,-0.33%,-,37.77K,금융
한국ANKOR유전,152550,374.00,-0.80%,-,3.25M,금융
삼성전자우,005935,66.30K,0.00%,525.57T,947.79K,기술
삼성전자,005930,79.60K,0.89%,525.57T,19.79M,기술
SK하이닉스,000660,182.30K,2.01%,122.97T,4.10M,기술
NAVER,035420,180.70K,0.61%,27.34T,595.68K,기술
카카오,035720,49.10K,4.69%,20.57T,2.25M,기술
LG전자,066570,92.60K,1.76%,15.55T,328.10K,기술
LG전자우,066575,42.90K,1.78%,15.55T,29.27K,기술
한미반도체,042700,142.60K,4.62%,13.20T,2.18M,기술
크래프톤,259960,260.00K,2.77%,11.69T,126.37K,기술
삼성SDS,018260,149.60K,2.89%,11.25T,141.40K,기술
삼성전기,009150,146.70K,-0.61%,10.93T,401.78K,기술
삼성전기우,009155,71.50K,0.14%,10.93T,3.25K,기술
SK텔레콤,017670,50.70K,0.80%,10.68T,258.86K,기술
KT,030200,33.65K,0.15%,8.26T,589.74K,기술
포스코DX,022100,40.10K,3.62%,5.88T,1.21M,기술
LG디스플레이,034220,10.05K,2.34%,4.91T,1.17M,기술
넷마블,251270,56.10K,2.94%,4.47T,82.14K,기술
카카오페이,377300,33.75K,3.21%,4.40T,282.64K,기술
LG이노텍,011070,186.60K,1.36%,4.36T,110.77K,기술
LG유플러스,032640,9.68K,1.36%,4.10T,749.42K,기술
현대오토에버,307950,138.30K,1.47%,3.74T,78.99K,기술
엔씨소프트,036570,168.80K,0.42%,3.41T,86.79K,기술
이수페타시스,007660,39.05K,6.11%,2.33T,1.91M,기술
에스원,012750,60.20K,-0.99%,2.06T,25.54K,기술
롯데에너지머티리얼즈,020150,42.00K,3.32%,1.87T,192.33K,기술
DB하이텍,000990,41.95K,0.60%,1.74T,173.14K,기술
더존비즈온,012510,56.90K,4.02%,1.51T,480.33K,기술
솔루스첨단소재,336370,19.27K,3.88%,1.38T,6.24M,기술
솔루스첨단소재1우,33637K,3.60K,0.56%,1.38T,434.72K,기술
솔루스첨단소재2우B,33637L,7.10K,-2.07%,1.38T,613.41K,기술
LX세미콘,108320,76.80K,0.52%,1.24T,66.18K,기술
솔루엠,248070,25.30K,1.40%,1.22T,195.52K,기술
대덕전자,353200,24.00K,2.56%,1.18T,283.14K,기술
SK네트웍스,001740,5.47K,1.11%,1.12T,324.86K,기술
해성디에스,195870,49.50K,1.23%,831.30B,62.36K,기술
케이씨텍,281820,39.10K,-1.26%,826.12B,245.78K,기술
더블유게임즈,192080,40.65K,-0.12%,793.56B,25.41K,기술
NHN,181710,22.35K,1.59%,742.85B,36.05K,기술
영풍,000670,392.50K,0.26%,673.43B,1.37K,기술
드림텍,192650,9.47K,1.94%,635.27B,285.31K,기술
디아이,003160,24.30K,20.00%,524.41B,11.40M,기술
자화전자,033240,24.80K,2.06%,512.36B,53.44K,기술
비에이치,090460,16.24K,0.68%,510.93B,138.69K,기술
롯데정보통신,286940,33.85K,1.80%,503.05B,78.24K,기술
삼화콘덴서,001820,44.20K,1.49%,446.87B,312.64K,기술
NICE,034310,12.54K,0.08%,445.25B,17.95K,기술
엠씨넥스,097520,23.60K,1.51%,409.61B,25.74K,기술
코리아써키트,007810,16.44K,2.11%,405.03B,90.29K,기술
코리아써우,007815,6.70K,2.60%,405.03B,4.39K,기술
신도리코,029530,36.45K,2.24%,307.40B,10.39K,기술
DB,012030,1.47K,-0.14%,281.39B,174.31K,기술
KEC,092220,1.34K,1.98%,263.60B,464.17K,기술
아이마켓코리아,122900,8.36K,0.36%,262.10B,19.46K,기술
삼화전기,009470,39.70K,2.45%,256.29B,456.58K,기술
삼영전자,005680,9.90K,0.41%,197.20B,60.64K,기술
HDC랩스,039570,8.30K,-0.24%,191.15B,5.30K,기술
한솔테크닉스,004710,5.56K,0.91%,173.11B,76.60K,기술
유니퀘스트,077500,7.10K,2.90%,172.36B,96.21K,기술
아시아나IDT,267850,15.87K,3.32%,170.50B,21.37K,기술
키다리스튜디오,020120,4.49K,0.90%,164.67B,68.34K,기술
아남전자,008700,1.87K,1.57%,142.06B,269.60K,기술
신세계I&C,035510,10.97K,1.57%,141.97B,14.02K,기술
인스코비,006490,1.17K,0.17%,135.01B,121.41K,기술
와이투솔루션,011690,3.60K,-0.83%,132.74B,236.06K,기술
KH 필룩스,033180,1.33K,0.00%,120.55B,0.00,기술
휴니드,005870,7.36K,-2.77%,104.31B,300.06K,기술
광전자,017900,2.11K,1.93%,104.25B,122.71K,기술
콤텍시스템,031820,681.00,1.19%,81.47B,185.45K,기술
써니전자,004770,2.00K,0.10%,73.26B,2.06M,기술
미래산업,025560,2.32K,3.11%,68.42B,415.95K,기술
삼화전자,011230,4.04K,3.07%,66.16B,117.28K,기술
씨아이테크,004920,1.18K,-1.50%,60.03B,461.75K,기술
남성,004270,1.83K,0.22%,57.26B,13.65K,기술
일진디스플,020760,1.07K,0.09%,54.95B,25.52K,기술
텔코웨어,078000,10.19K,0.39%,54.77B,6.54K,기술
에이엔피,015260,1.10K,0.27%,49.15B,88.26K,기술
유엔젤,072130,3.41K,2.25%,39.87B,23.13K,기술
한국전자홀딩스,006200,922.00,1.88%,39.69B,33.23K,기술
참엔지니어링,009310,460.00,0.44%,38.65B,299.92K,기술
하이트론,019490,1.31K,-2.24%,36.94B,77.54K,기술
미래아이앤지,007120,1.19K,5.86%,29.68B,357.58K,기술
경인전자,009140,21.80K,2.35%,27.72B,1.46K,기술
주연테크,044380,463.00,0.43%,26.40B,93.68K,기술
SK리츠,395400,4.01K,0.63%,1.08T,258.43K,부동산
ESR켄달스퀘어리츠,365550,4.39K,2.09%,916.28B,141.70K,부동산
제이알글로벌,348950,4.02K,0.50%,789.50B,217.69K,부동산
롯데리츠,330590,3.10K,-0.32%,756.85B,257.36K,부동산
신한알파리츠,293940,6.01K,0.17%,528.60B,114.17K,부동산
코람코에너지,357120,4.80K,-0.21%,425.85B,83.70K,부동산
삼성FN리츠,448730,5.02K,-0.40%,389.59B,50.82K,부동산
맵스리얼티1,094800,4.21K,0.84%,387.58B,31.63K,부동산
한국자산신탁,123890,3.02K,1.86%,362.21B,144.84K,부동산
Hanwha REIT,451800,5.17K,0.78%,362.18B,29.65K,부동산
이리츠코크렙,088260,4.79K,-1.03%,306.57B,133.95K,부동산
이지스밸류플러스리츠,334890,4.83K,0.84%,246.16B,38.99K,부동산
디앤디플랫폼리츠,377190,3.42K,0.74%,218.32B,56.13K,부동산
SK디앤디,210980,11.55K,1.49%,217.11B,287.77K,부동산
한국토지신탁,034830,1.01K,1.50%,215.45B,299.24K,부동산
신한서부티엔디리츠,404990,3.71K,1.78%,203.96B,49.43K,부동산
코람코더원리츠,417310,4.83K,1.15%,193.11B,11.05K,부동산
자이에스앤디,317400,4.03K,0.75%,154.94B,37.18K,부동산
KB Star REIT,432320,4.21K,1.32%,149.60B,75.37K,부동산
NH올원리츠,400760,3.42K,0.88%,143.06B,15.24K,부동산
미래에셋글로벌리츠,396690,2.98K,0.68%,117.04B,29.22K,부동산
이지스레지던스리츠,350520,3.98K,-0.25%,113.15B,7.26K,부동산
NH프라임리츠,338100,4.22K,-0.24%,79.03B,21.42K,부동산
미래에셋맵스리츠,357250,3.14K,1.13%,77.61B,68.72K,부동산
마스턴프리미어리츠,357430,2.80K,0.36%,74.16B,33.80K,부동산
케이탑리츠,145270,1.02K,0.79%,48.18B,88.59K,부동산
스타리츠,204210,4.11K,4.85%,30.68B,470.55K,부동산
이스타코,015020,736.00,-3.03%,29.52B,663.64K,부동산
에이리츠,140910,3.13K,0.00%,13.97B,0.00,부동산
LG엔솔,373220,377.00K,3.43%,85.29T,155.69K,산업
삼성SDI,006400,405.50K,5.05%,25.58T,319.73K,산업
삼성SDI우,006405,234.50K,4.92%,25.58T,2.26K,산업
삼성물산,028260,140.30K,1.08%,22.66T,254.85K,산업
삼성물산우B,02826K,103.40K,1.47%,22.66T,984.00,산업
LG,003550,76.20K,0.13%,11.82T,442.02K,산업
LG우,003555,59.20K,0.68%,11.82T,8.23K,산업
한화에어로스페이스 ,012450,226.00K,2.73%,11.13T,489.71K,산업
HMM,011200,14.66K,-0.27%,10.13T,1.32M,산업
HD현대중공업,329180,120.30K,8.09%,9.88T,407.62K,산업
두산에너빌리티,034020,14.90K,4.05%,9.17T,2.89M,산업
한화오션,042660,33.30K,14.83%,8.88T,7.09M,산업
HD한국조선해양,009540,119.40K,6.32%,7.94T,375.10K,산업
HD현대일렉트릭,267260,239.00K,12.21%,7.67T,1.11M,산업
대한항공,003490,20.55K,1.99%,7.45T,771.10K,산업
대한항공우,003495,23.40K,1.74%,7.45T,473.00,산업
삼성중공업,010140,9.54K,9.78%,7.42T,38.87M,산업
포스코인터내셔널,047050,43.80K,4.29%,7.15T,1.04M,산업
현대글로비스,086280,170.90K,0.00%,6.41T,42.43K,산업
두산밥캣,241560,51.80K,2.98%,5.04T,212.90K,산업
삼성엔지니어링,028050,25.70K,3.63%,4.86T,1.13M,산업
한국항공우주,047810,49.05K,1.03%,4.73T,384.72K,산업
두산로보틱스,454910,72.70K,2.25%,4.61T,229.82K,산업
현대로템,064350,41.15K,2.88%,4.37T,2.88M,산업
SKIET,361610,60.80K,1.67%,4.26T,121.93K,산업
LS일렉트릭,010120,155.00K,8.32%,4.20T,1.81M,산업
한진칼,180640,57.40K,-0.17%,3.83T,42.60K,산업
현대건설,000720,32.40K,3.35%,3.54T,296.60K,산업
현대건설우,000725,49.30K,0.31%,3.54T,1.18K,산업
LIG넥스원,079550,158.10K,-0.06%,3.45T,195.75K,산업
LS,006260,130.50K,14.88%,3.12T,894.50K,산업
한화시스템,272210,16.77K,3.39%,3.03T,659.19K,산업
효성중공업,298040,328.00K,6.32%,2.87T,160.42K,산업
현대미포조선,010620,64.90K,9.81%,2.36T,634.23K,산업
CJ대한통운,000120,123.00K,6.03%,2.31T,152.29K,산업
대한전선,001440,13.10K,8.18%,2.25T,9.90M,산업
호텔신라,008770,57.20K,2.33%,2.11T,170.83K,산업
호텔신라우,008775,44.20K,1.84%,2.11T,4.06K,산업
팬오션,028670,3.96K,0.89%,2.10T,2.57M,산업
한전기술,052690,56.50K,3.86%,2.07T,120.19K,산업
한전KPS,051600,33.80K,2.11%,1.49T,74.84K,산업
HD현대인프라코어,042670,7.72K,3.21%,1.49T,1.27M,산업
대우건설,047040,3.65K,1.25%,1.48T,464.63K,산업
한국앤컴퍼니,000240,15.77K,1.61%,1.47T,68.35K,산업
현대엘리베이,017800,39.80K,0.51%,1.43T,42.85K,산업
DL이앤씨우,37550K,17.49K,0.63%,1.30T,1.43K,산업
DL이앤씨,375500,33.40K,2.77%,1.30T,60.11K,산업
GS건설,006360,14.27K,1.35%,1.20T,166.77K,산업
HDC현대산업개발,294870,15.90K,0.63%,1.01T,253.49K,산업
롯데렌탈,089860,26.75K,1.13%,968.97B,21.00K,산업
Hanwha Engine,082740,11.59K,0.87%,958.56B,2.39M,산업
LX인터내셔널,001120,26.05K,0.58%,931.57B,134.52K,산업
일진전기,103590,20.50K,7.61%,908.25B,2.44M,산업
HD현대건설기계,267270,51.70K,4.02%,904.70B,157.68K,산업
제주항공,089590,10.99K,4.47%,847.61B,187.80K,산업
경동나비엔,009450,54.30K,0.74%,779.01B,16.02K,산업
아시아나항공,020560,10.81K,4.24%,771.65B,127.34K,산업
아이에스동서,010780,25.80K,3.61%,750.74B,28.66K,산업
SK오션플랜트,100090,12.93K,3.11%,742.31B,107.69K,산업
흥아해운,003280,2.94K,-2.33%,722.00B,6.27M,산업
진에어,272450,13.43K,3.31%,678.60B,259.67K,산업
쏘카,403550,19.69K,1.97%,633.20B,10.51K,산업
한국단자,025540,62.50K,2.46%,629.22B,11.11K,산업
NICE평가정보,030190,10.45K,-0.19%,616.89B,49.67K,산업
티웨이항공,091810,2.69K,1.90%,566.98B,763.36K,산업
LS전선아시아,229640,18.81K,3.64%,550.45B,637.83K,산업
대한해운,005880,1.80K,2.39%,547.30B,2.46M,산업
신성이엔지,011930,2.23K,3.48%,438.68B,1.77M,산업
세진중공업,075580,7.37K,6.20%,380.99B,1.04M,산업
에이프로젠 MED,007460,1.61K,4.15%,376.37B,6.03M,산업
STX중공업,071970,13.99K,8.96%,366.62B,1.06M,산업
STX엔진,077970,13.76K,5.36%,361.07B,174.15K,산업
삼부토건,001470,1.64K,0.92%,331.31B,1.49M,산업
퍼시스,016800,35.55K,0.00%,318.14B,1.61K,산업
수산인더스트리,126720,22.10K,2.08%,309.29B,16.95K,산업
에어부산,298690,2.68K,3.68%,301.42B,103.54K,산업
한진,002320,21.25K,3.41%,297.34B,32.59K,산업
대동,000490,12.06K,3.08%,275.09B,176.35K,산업
가온전선,000500,41.00K,6.63%,274.10B,1.17M,산업
삼익THK,004380,13.88K,5.55%,272.21B,291.50K,산업
케이씨,029460,22.00K,-1.57%,271.98B,130.47K,산업
도화엔지니어링,002150,7.50K,2.04%,244.72B,30.35K,산업
HJ중공업,097230,3.00K,3.62%,241.48B,399.04K,산업
세방,004360,11.59K,-0.34%,235.62B,40.04K,산업
세방우,004365,7.38K,0.82%,235.62B,424.00,산업
STX,011810,7.64K,6.70%,221.82B,2.16M,산업
한전산업,130660,6.99K,3.25%,220.70B,65.22K,산업
SNT에너지,100840,11.04K,1.75%,214.41B,118.49K,산업
AJ네트웍스,095570,4.70K,0.11%,210.82B,268.42K,산업
한국공항,005430,65.70K,2.50%,196.03B,9.60K,산업
TYM,002900,4.65K,2.20%,195.32B,141.09K,산업
현대코퍼레이션,011760,16.50K,2.29%,193.74B,26.00K,산업
대원전선,006340,2.60K,6.12%,189.94B,34.11M,산업
대원전선우,006345,5.22K,0.38%,189.94B,2.42M,산업
대교,019680,2.51K,1.41%,188.46B,6.53K,산업
대교우B,019685,1.54K,1.51%,188.46B,38.27K,산업
일진홀딩스,015860,4.13K,2.61%,185.32B,59.02K,산업
삼성출판사,068290,18.10K,2.14%,177.20B,33.10K,산업
KSS해운,044450,7.90K,0.89%,176.78B,29.50K,산업
퍼스텍,010820,3.46K,1.02%,166.19B,614.44K,산업
코오롱글로벌,003070,8.33K,0.73%,165.60B,9.46K,산업
코오롱글로벌우,003075,13.00K,-0.91%,165.60B,374.00,산업
동아지질,028100,12.28K,0.99%,164.81B,12.50K,산업
한라,014790,1.96K,0.98%,160.56B,22.00K,산업
우진,105840,8.16K,2.13%,158.34B,135.19K,산업
금호건설,002990,4.17K,0.12%,152.80B,16.04K,산업
금호산업우,002995,11.99K,0.00%,152.80B,84.00,산업
한미글로벌,053690,15.09K,2.03%,150.44B,50.02K,산업
효성ITX,094280,12.49K,0.08%,148.61B,3.68K,산업
현대리바트,079430,7.33K,0.69%,146.43B,8.08K,산업
대성홀딩스,016710,8.88K,0.45%,142.23B,14.15K,산업
디와이,013570,5.78K,0.52%,141.85B,64.48K,산업
대창단조,015230,5.64K,3.49%,141.16B,99.34K,산업
디와이파워,210540,12.88K,1.34%,140.27B,21.36K,산업
진흥기업,002780,958.00,2.46%,135.96B,360.41K,산업
진흥기업2우B,002787,12.30K,-0.97%,135.96B,200.00,산업
진흥기업우B,002785,4.23K,0.00%,135.96B,185.00,산업
한신기계,011700,4.29K,4.77%,132.70B,271.78K,산업
유수홀딩스,000700,5.37K,0.94%,130.33B,8.17K,산업
수산중공업,017550,2.02K,1.00%,124.80B,65.38K,산업
KTcs,058850,3.19K,1.27%,119.51B,220.66K,산업
동부건설,005960,4.95K,2.06%,116.40B,16.29K,산업
동부건설우,005965,23.20K,1.75%,116.40B,258.00,산업
동방,004140,2.35K,-2.08%,114.71B,1.28M,산업
계룡건설,013580,12.85K,0.94%,112.76B,16.17K,산업
유니온머티리얼,047400,2.79K,6.91%,109.41B,1.22M,산업
KCTC,009070,3.67K,1.10%,108.56B,31.43K,산업
광명전기,017040,2.69K,7.60%,106.18B,15.68M,산업
KIB플러그에너지,015590,430.00,-1.15%,103.09B,3.79M,산업
인바이오젠,101140,467.00,0.00%,93.32B,0.00,산업
태영건설,009410,2.31K,0.00%,89.84B,0.00,산업
태영건설우,009415,3.56K,0.00%,89.84B,0.00,산업
화성산업,002460,9.82K,0.41%,89.47B,5.71K,산업
기신정기,092440,2.98K,-0.17%,87.02B,7.19K,산업
대동전자,008110,11.74K,0.95%,86.53B,153.30K,산업
케이티스,058860,2.83K,0.89%,85.89B,83.23K,산업
신세계건설,034300,10.26K,0.88%,78.92B,8.28K,산업
KC코트렐,119650,1.25K,2.87%,77.68B,78.00K,산업
삼호개발,010960,3.27K,0.31%,72.89B,4.99K,산업
화천기계,010660,3.85K,4.48%,72.86B,1.12M,산업
한신공영,004960,6.27K,1.79%,71.28B,10.35K,산업
태양금속,004100,2.08K,6.85%,70.74B,710.83K,산업
태양금속우,004105,4.17K,6.11%,70.74B,55.55K,산업
까뮤이앤씨,013700,1.56K,2.02%,69.22B,82.39K,산업
엔케이,085310,873.00,2.71%,67.05B,198.31K,산업
세원이앤씨,091090,254.00,0.00%,66.99B,0.00,산업
CS홀딩스,000590,63.60K,2.58%,66.78B,1.56K,산업
천일고속,000650,46.70K,-0.11%,66.71B,37.00,산업
화천기공,000850,30.35K,1.51%,65.78B,2.21K,산업
일성건설,013360,1.21K,1.34%,64.51B,173.42K,산업
인터지스,129260,2.28K,-0.22%,64.47B,42.60K,산업
한솔로지스틱스,009180,2.24K,0.67%,61.73B,54.48K,산업
혜인,003010,5.56K,2.02%,58.58B,63.85K,산업
제일연마,001560,8.61K,0.12%,58.57B,2.68K,산업
남광토건,001260,6.05K,2.20%,58.16B,8.85K,산업
한국종합기술,023350,5.37K,2.09%,57.60B,16.64K,산업
우진플라임,049800,2.71K,0.18%,54.10B,42.83K,산업
선도전기,007610,3.00K,0.00%,53.61B,0.00,산업
한익스프레스,014130,4.68K,5.64%,52.27B,74.42K,산업
KC그린홀딩스,009440,2.33K,2.19%,50.44B,113.62K,산업
모나미,005360,2.68K,0.94%,50.17B,88.02K,산업
에쓰씨엔지니어링,023960,1.50K,0.00%,49.29B,176.94K,산업
시디즈,134790,29.10K,2.46%,47.68B,9.72K,산업
메타랩스,090370,1.81K,-1.58%,45.77B,87.22K,산업
범양건영,002410,1.40K,0.00%,34.76B,67.53K,산업
국보,001140,2.11K,0.00%,32.44B,0.00,산업
동양고속,084670,11.53K,-0.43%,30.21B,937.00,산업
우진아이엔에스,010400,4.43K,-0.11%,29.80B,8.37K,산업
금호전기,001210,715.00,0.85%,26.20B,91.54K,산업
한창,005110,1.25K,0.00%,23.33B,0.00,산업
코아스,071950,459.00,1.55%,13.97B,99.66K,산업
현대차2우B,005387,145.30K,-0.07%,50.27T,108.46K,소비순환재
현대차,005380,231.00K,-1.07%,50.27T,1.11M,소비순환재
현대차우,005385,145.00K,0.28%,50.27T,46.48K,소비순환재
현대차3우B,005389,143.20K,0.00%,50.27T,16.06K,소비순환재
기아,000270,112.20K,-0.80%,44.81T,1.64M,소비순환재
현대모비스,012330,235.00K,0.21%,21.26T,162.28K,소비순환재
하이브,352820,228.50K,4.34%,9.12T,259.74K,소비순환재
한국타이어앤테크놀로지,161390,60.90K,-2.87%,7.65T,272.88K,소비순환재
코웨이,021240,56.10K,-0.88%,4.11T,99.89K,소비순환재
강원랜드,035250,14.87K,1.09%,2.98T,564.47K,소비순환재
금호석유,011780,118.20K,1.37%,2.80T,56.21K,소비순환재
금호석유우,011785,60.80K,1.16%,2.80T,5.93K,소비순환재
한온시스템,018880,5.03K,0.20%,2.68T,1.06M,소비순환재
F&F,383220,65.30K,-0.31%,2.50T,74.55K,소비순환재
휠라홀딩스,081660,39.30K,-1.01%,2.39T,72.06K,소비순환재
제일기획,030000,18.99K,0.64%,1.91T,149.01K,소비순환재
금호타이어,073240,6.48K,0.78%,1.85T,296.49K,소비순환재
롯데쇼핑,023530,65.40K,0.62%,1.84T,42.24K,소비순환재
롯데지주,004990,25.40K,1.80%,1.79T,80.08K,소비순환재
영원무역,111770,36.90K,0.96%,1.60T,67.16K,소비순환재
신세계,004170,161.20K,0.25%,1.58T,42.55K,소비순환재
HL만도,204320,32.35K,0.62%,1.51T,205.15K,소비순환재
효성첨단소재,298050,337.00K,0.90%,1.49T,22.14K,소비순환재
현대위아,011210,56.70K,1.98%,1.48T,77.65K,소비순환재
효성티앤씨,298020,352.00K,3.38%,1.47T,61.35K,소비순환재
에스엘,005850,30.35K,1.17%,1.38T,65.03K,소비순환재
세방전지,004490,94.00K,0.53%,1.23T,98.51K,소비순환재
KG모빌리티,003620,5.83K,1.04%,1.13T,215.71K,소비순환재
현대백화점,069960,49.80K,1.53%,1.07T,41.81K,소비순환재
코오롱인더,120110,35.10K,2.63%,1000.00B,40.91K,소비순환재
코오롱인더우,120115,21.20K,-0.93%,1000.00B,5.53K,소비순환재
영원무역홀딩스,009970,83.30K,-0.36%,970.17B,13.41K,소비순환재
넥센타이어,002350,9.13K,-0.76%,906.64B,90.78K,소비순환재
넥센타이어1우B,002355,3.38K,0.00%,906.64B,7.42K,소비순환재
이노션,214320,22.05K,1.15%,872.00B,54.99K,소비순환재
하나투어,039130,57.50K,6.68%,834.91B,135.07K,소비순환재
GKL,114090,13.52K,1.43%,824.54B,154.12K,소비순환재
한세실업,105630,20.70K,1.47%,803.41B,103.06K,소비순환재
일진하이솔루스,271940,22.15K,4.24%,771.66B,16.57K,소비순환재
한샘,009240,47.60K,5.08%,746.50B,25.89K,소비순환재
명신산업,009900,14.19K,1.36%,734.58B,104.10K,소비순환재
롯데관광개발,032350,10.05K,5.90%,723.00B,1.04M,소비순환재
DN오토모티브,007340,79.80K,-1.24%,696.34B,6.87K,소비순환재
CJ CGV,079160,5.72K,0.88%,694.19B,536.90K,소비순환재
현대홈쇼핑,057050,59.00K,-1.67%,686.87B,132.30K,소비순환재
현대그린푸드,005440,4.54K,3.89%,680.52B,223.25K,소비순환재
케이씨씨글라스,344820,39.35K,0.13%,626.57B,11.26K,소비순환재
신세계인터내셔날,031430,17.54K,2.87%,608.69B,73.99K,소비순환재
케이카,381970,12.19K,-0.89%,592.64B,52.65K,소비순환재
쿠쿠홀딩스,192400,18.32K,-1.77%,579.61B,36.65K,소비순환재
SNT모티브,064960,45.10K,1.35%,573.73B,9.35K,소비순환재
F&F홀딩스,007700,14.40K,2.06%,551.28B,8.31K,소비순환재
DI동일,001530,27.00K,0.00%,531.35B,83.95K,소비순환재
화승엔터프라이즈,241590,8.99K,5.76%,515.01B,4.44M,소비순환재
엘브이엠씨,900140,2.87K,2.69%,474.90B,675.26K,소비순환재
서연이화,200880,17.36K,0.75%,465.60B,147.00K,소비순환재
현대에이치씨엔,126560,4.08K,0.62%,446.12B,195.19K,소비순환재
SBS,034120,23.45K,-1.26%,440.52B,87.63K,소비순환재
넥센우,005725,3.03K,-0.33%,414.99B,721.00,소비순환재
넥센,005720,4.14K,0.85%,414.99B,54.10K,소비순환재
LF,093050,14.56K,1.96%,406.41B,19.55K,소비순환재
한섬,020000,18.73K,-0.11%,402.69B,22.66K,소비순환재
SNT중공업,003570,16.93K,0.65%,376.66B,37.28K,소비순환재
LX하우시스우,108675,20.20K,-1.94%,360.41B,4.30K,소비순환재
LX하우시스,108670,38.20K,0.79%,360.41B,3.88K,소비순환재
화신,010690,10.42K,0.48%,360.34B,148.61K,소비순환재
SNT홀딩스,036530,22.60K,0.00%,326.79B,6.82K,소비순환재
대원강업,000430,5.22K,1.56%,318.68B,117.55K,소비순환재
HL Holdings,060980,32.70K,0.46%,312.76B,8.62K,소비순환재
LS네트웍스,000680,4.34K,3.21%,311.65B,382.46K,소비순환재
BYC우,001465,16.44K,-3.86%,300.74B,7.42K,소비순환재
BYC,001460,40.75K,-3.89%,300.74B,9.06K,소비순환재
이월드,084680,1.99K,2.26%,274.84B,402.26K,소비순환재
한화갤러리아,452260,1.35K,-1.32%,273.72B,1.40M,소비순환재
콘텐트리중앙,036420,14.33K,2.80%,266.32B,77.96K,소비순환재
신성통상,005390,1.80K,-0.17%,258.96B,116.14K,소비순환재
YG PLUS,037270,4.13K,2.35%,255.94B,140.82K,소비순환재
스카이라이프,053210,5.35K,0.00%,253.00B,35.19K,소비순환재
LG헬로비전,037560,3.27K,0.62%,251.70B,147.90K,소비순환재
광주신세계,037710,30.25K,0.17%,240.31B,1.28K,소비순환재
지누스,013890,12.37K,4.04%,239.87B,55.04K,소비순환재
웅진씽크빅,095720,2.10K,1.20%,234.38B,41.88K,소비순환재
제이에스코퍼레이션,194370,18.46K,1.54%,232.98B,19.67K,소비순환재
롯데하이마트,071840,9.13K,0.88%,213.65B,11.57K,소비순환재
코오롱우,002025,12.94K,0.08%,212.15B,820.00,소비순환재
코오롱,002020,15.92K,1.40%,212.15B,13.56K,소비순환재
이엔플러스,074610,3.14K,4.67%,210.42B,1.97M,소비순환재
코오롱모빌리티그룹,450140,3.21K,3.05%,204.01B,175.12K,소비순환재
백산,035150,13.53K,2.73%,202.54B,128.70K,소비순환재
디아이씨,092200,5.37K,4.27%,199.54B,334.02K,소비순환재
서연,007860,9.08K,0.55%,196.02B,116.67K,소비순환재
경방,000050,7.91K,2.73%,191.85B,2.09K,소비순환재
화승인더,006060,3.90K,1.83%,189.96B,353.98K,소비순환재
한세예스24홀딩스,016450,4.66K,0.22%,182.46B,9.24K,소비순환재
덕양산업,024900,5.56K,0.00%,180.30B,2.00M,소비순환재
조광피혁,004700,49.95K,0.10%,179.74B,2.06K,소비순환재
일신방직,003200,8.51K,1.31%,178.93B,16.41K,소비순환재
모토닉,009680,8.13K,0.00%,175.83B,11.22K,소비순환재
에스엠벡셀,010580,1.54K,-0.90%,173.10B,31.18K,소비순환재
동아타이어,282690,11.88K,-0.59%,164.09B,10.69K,소비순환재
세종공업,033530,5.82K,0.52%,156.63B,57.68K,소비순환재
유니켐,011330,1.62K,-0.61%,156.20B,270.69K,소비순환재
한국프랜지,010100,4.79K,2.68%,142.20B,135.25K,소비순환재
삼양통상,002170,49.50K,-0.30%,138.23B,4.54K,소비순환재
덕성,004830,8.78K,1.27%,137.80B,3.56M,소비순환재
덕성우,004835,13.50K,2.51%,137.80B,950.00K,소비순환재
우신시스템,017370,9.00K,4.29%,134.18B,563.87K,소비순환재
용평리조트,070960,2.77K,-0.54%,134.05B,88.45K,소비순환재
신일전자,002700,1.88K,0.70%,132.65B,366.62K,소비순환재
금호에이치티,214330,609.00,1.50%,122.25B,247.82K,소비순환재
휴비스,079980,3.75K,1.35%,121.77B,70.19K,소비순환재
티와이홀딩스,363280,3.61K,5.87%,120.49B,116.71K,소비순환재
아센디오,012170,1.16K,-0.43%,120.14B,4.74M,소비순환재
벽산,007210,2.15K,2.38%,117.83B,97.51K,소비순환재
대한화섬,003830,104.00K,0.00%,116.83B,304.00,소비순환재
인지컨트롤스,023800,7.65K,1.19%,114.68B,13.45K,소비순환재
다이나믹디자인,145210,6.22K,-4.31%,112.32B,220.34K,소비순환재
HDC현대EP,089470,4.13K,-0.60%,111.77B,32.59K,소비순환재
동일고무벨트,163560,8.33K,4.26%,111.06B,359.07K,소비순환재
DRB동일,004840,5.85K,3.36%,109.08B,46.48K,소비순환재
두올,016740,3.58K,4.07%,104.75B,122.56K,소비순환재
삼익악기,002450,1.28K,0.31%,103.48B,34.53K,소비순환재
HS Ad,035000,6.19K,0.32%,100.00B,9.56K,소비순환재
신원,009270,1.28K,1.58%,95.06B,43.76K,소비순환재
성안,011300,1.33K,4.48%,89.81B,520.49K,소비순환재
SG 충방,001380,2.00K,0.50%,89.70B,44.66K,소비순환재
세이브존I&C,067830,2.35K,0.86%,87.80B,195.32K,소비순환재
웅진,016880,1.12K,0.00%,86.73B,117.79K,소비순환재
신영와코루,005800,9.44K,0.53%,84.51B,928.00,소비순환재
인팩,023810,8.46K,0.12%,84.50B,11.30K,소비순환재
SG세계물산,004060,407.00,-2.16%,82.69B,642.73K,소비순환재
지엠비코리아,013870,4.26K,0.24%,81.15B,13.09K,소비순환재
대현,016090,1.89K,1.56%,80.51B,54.27K,소비순환재
태평양물산,007980,1.66K,1.10%,79.94B,275.54K,소비순환재
화승코퍼레이션,013520,1.78K,1.83%,77.44B,51.44K,소비순환재
세원정공,021820,7.77K,0.52%,77.30B,2.77K,소비순환재
씨티알모빌리티,308170,9.07K,1.80%,76.72B,7.25K,소비순환재
동원금속,018500,1.63K,1.06%,75.26B,129.12K,소비순환재
방림,003610,2.07K,0.73%,74.79B,17.44K,소비순환재
상신브레이크,041650,3.88K,1.70%,73.86B,43.32K,소비순환재
새론오토모티브,075180,3.85K,2.39%,72.19B,2.73K,소비순환재
화승알앤에이,378850,3.88K,3.19%,71.50B,45.13K,소비순환재
쌍방울,102280,269.00,0.00%,70.63B,0.00,소비순환재
대원화성,024890,1.73K,1.17%,69.66B,14.95K,소비순환재
유성기업,002920,2.69K,0.19%,68.86B,14.24K,소비순환재
삼성공조,006660,9.08K,3.65%,68.86B,52.07K,소비순환재
대우부품,009320,1.40K,1.31%,67.89B,60.23K,소비순환재
DSR,155660,4.13K,0.36%,65.84B,20.57K,소비순환재
동국실업,001620,587.00,-0.51%,65.66B,157.06K,소비순환재
호전실업,111110,7.43K,5.54%,65.14B,97.54K,소비순환재
티에이치엔,019180,3.58K,0.99%,63.81B,52.32K,소비순환재
대림B&Co,005750,3.91K,2.89%,63.35B,24.05K,소비순환재
평화산업,090080,1.14K,1.16%,61.60B,54.27K,소비순환재
다스코,058730,3.44K,2.38%,61.38B,40.05K,소비순환재
갤럭시아SM,011420,2.22K,1.60%,60.20B,133.73K,소비순환재
핸즈코퍼레이션,143210,2.75K,0.73%,58.57B,15.23K,소비순환재
대구백화점,006370,7.40K,5.26%,58.50B,105.75K,소비순환재
비상교육,100220,4.92K,3.58%,58.26B,33.26K,소비순환재
IHQ,003560,239.00,0.00%,58.20B,0.00,소비순환재
한세엠케이,069640,2.12K,0.24%,57.89B,19.11K,소비순환재
대유에이텍,002880,1.19K,0.76%,55.00B,47.72K,소비순환재
동양피스톤,092780,4.21K,-1.41%,53.83B,91.84K,소비순환재
에스제이엠,123700,3.52K,3.53%,53.06B,52.34K,소비순환재
계양전기우,012205,3.97K,0.13%,52.71B,1.89K,소비순환재
계양전기,012200,1.85K,4.22%,52.71B,290.53K,소비순환재
인디에프,014990,684.00,0.74%,51.00B,79.38K,소비순환재
웰바이오텍,010600,545.00,0.00%,49.55B,0.00,소비순환재
SJM홀딩스,025530,3.73K,3.04%,48.99B,68.99K,소비순환재
대림통상,006570,2.99K,-0.17%,45.12B,1.02K,소비순환재
영화금속,012280,874.00,1.39%,44.53B,79.50K,소비순환재
세기상사,002420,8.00K,0.00%,44.47B,52.83K,소비순환재
평화홀딩스,010770,3.06K,-0.65%,44.25B,6.33K,소비순환재
MH에탄올,023150,6.14K,-0.32%,40.09B,5.96K,소비순환재
국동,005320,613.00,0.82%,39.91B,52.87K,소비순환재
체시스,033250,1.26K,4.03%,38.88B,184.84K,소비순환재
부산주공,005030,486.00,0.00%,38.29B,0.00,소비순환재
티비에이치글로벌,084870,1.81K,3.07%,36.69B,40.07K,소비순환재
형지엘리트,093240,1.20K,1.44%,36.40B,31.06K,소비순환재
윌비스,008600,501.00,2.24%,32.24B,51.52K,소비순환재
KR모터스,000040,1.10K,1.94%,31.52B,295.07K,소비순환재
비비안,002070,1.03K,0.10%,30.81B,51.96K,소비순환재
대유플러스,000300,241.00,0.00%,30.48B,0.00,소비순환재
태원물산,001420,4.10K,0.24%,29.94B,69.20K,소비순환재
진도,088790,2.35K,0.64%,29.07B,27.43K,소비순환재
에넥스,011090,481.00,0.00%,28.52B,93.94K,소비순환재
대한방직,001070,6.70K,0.60%,24.06B,7.54K,소비순환재
전방,000950,20.70K,-0.48%,23.70B,853.00,소비순환재
일정실업,008500,15.73K,-2.78%,19.12B,25.00K,소비순환재
LG화학,051910,378.50K,0.80%,28.36T,260.09K,소재
LG 화학,051915,247.50K,2.48%,28.36T,19.53K,소재
POSCO홀딩스,005490,390.00K,5.12%,28.15T,698.02K,소재
포스코퓨처엠,003670,258.50K,3.82%,19.28T,358.32K,소재
고려아연,010130,472.00K,-1.15%,9.98T,53.46K,소재
금양,001570,97.10K,5.89%,5.31T,415.61K,소재
엘앤에프,066970,148.40K,5.55%,4.71T,240.67K,소재
코스모신소재,005070,146.80K,3.09%,4.63T,101.67K,소재
롯데케미칼,011170,100.20K,0.30%,4.21T,118.91K,소재
현대제철,004020,32.05K,4.57%,4.03T,649.26K,소재
SKC,011790,113.70K,1.25%,3.82T,599.10K,소재
쌍용C&E,003410,7.00K,0.00%,3.47T,78.67K,소재
한솔케미칼,014680,191.00K,1.60%,2.05T,37.32K,소재
OCI홀딩스,010060,92.90K,0.98%,1.80T,59.29K,소재
KCC,002380,235.50K,2.61%,1.69T,23.78K,소재
이수스페셜티케미컬,457190,317.00K,7.46%,1.65T,106.64K,소재
풍산,103140,60.40K,0.33%,1.64T,371.23K,소재
TCC스틸,002710,54.70K,7.47%,1.33T,283.91K,소재
코스모화학,005420,31.15K,6.86%,1.12T,198.66K,소재
동원시스템즈,014820,40.80K,7.23%,1.11T,106.92K,소재
동원시스템즈우,014825,24.20K,3.42%,1.11T,326.00,소재
삼아알미늄,006110,79.60K,8.59%,1.08T,215.16K,소재
롯데정밀화학,004000,41.70K,0.00%,1.06T,72.79K,소재
DL,000210,49.60K,2.27%,1.05T,55.69K,소재
DL우,000215,24.70K,6.01%,1.05T,5.17K,소재
SK케미칼,285130,57.00K,0.35%,1.03T,13.26K,소재
SK케미칼우,28513K,26.10K,0.19%,1.03T,2.84K,소재
세아제강지주,003030,216.50K,-1.59%,888.90B,7.41K,소재
미원상사,002840,187.00K,0.38%,879.19B,1.93K,소재
한일시멘트,300720,12.51K,0.89%,858.84B,47.80K,소재
율촌화학,008730,34.35K,1.93%,835.76B,43.99K,소재
대한 유화,006650,134.20K,0.83%,822.04B,11.47K,소재
세아베스틸지주,001430,20.45K,0.49%,729.79B,149.63K,소재
TKG휴켐스,069260,18.95K,-0.26%,729.05B,46.61K,소재
후성,093370,7.85K,3.02%,718.96B,237.66K,소재
미원에스씨,268280,140.20K,-0.71%,692.32B,1.20K,소재
KG스틸,016380,6.94K,4.20%,666.37B,1.26M,소재
OCI,456040,82.60K,2.74%,597.91B,14.96K,소재
애경케미칼,161000,12.11K,5.30%,555.08B,174.88K,소재
유니드,014830,83.00K,-0.12%,551.69B,25.42K,소재
Dongkuk Steel Mill,460860,10.93K,1.39%,534.77B,523.20K,소재
PI첨단소재,178920,18.81K,5.03%,525.95B,108.09K,소재
태광산업,003240,623.00K,0.32%,522.65B,436.00,소재
고려제강,002240,20.55K,1.99%,503.51B,29.69K,소재
한국카본,017960,10.84K,5.96%,503.50B,622.37K,소재
한국철강,104700,11.78K,1.29%,493.69B,294.25K,소재
HDC,012630,8.30K,2.34%,420.23B,127.28K,소재
세아홀딩스,058650,107.10K,1.13%,412.61B,135.00,소재
아세아,002030,238.50K,-0.83%,411.28B,1.87K,소재
풍산홀딩스,005810,29.35K,0.00%,405.05B,18.68K,소재
아세아제지,002310,44.95K,0.00%,378.78B,0.00,소재
한일홀딩스,003300,12.15K,0.00%,374.60B,16.25K,소재
세아제강,306200,133.40K,1.06%,374.39B,6.83K,소재
아세아시멘트,183190,9.85K,0.51%,367.11B,53.18K,소재
KG케미칼,001390,5.42K,2.85%,360.83B,157.50K,소재
락앤락,115390,8.68K,6.11%,354.31B,3.44M,소재
백광산업,001340,7.79K,0.00%,343.92B,0.00,소재
남해화학,025860,7.03K,1.44%,332.28B,38.74K,소재
송원산업,004430,13.79K,3.92%,318.48B,70.72K,소재
알루코,001780,3.36K,2.60%,316.63B,6.70M,소재
휴스틸,005010,4.40K,2.33%,305.66B,836.14K,소재
현대비앤지스틸,004560,20.50K,2.50%,303.77B,317.87K,소재
조일알미늄,018470,2.51K,6.58%,298.22B,38.55M,소재
국도화학,007690,35.60K,2.15%,290.67B,8.91K,소재
키스코홀딩스,001940,22.00K,2.33%,286.75B,2.75K,소재
현대시멘트,006390,14.77K,0.61%,283.73B,1.36K,소재
삼양패키징,272550,16.80K,0.00%,265.25B,18.98K,소재
코오롱플라스틱,138490,7.09K,1.87%,264.48B,26.51K,소재
한농화성,011500,17.70K,4.80%,258.32B,272.67K,소재
대한제강,084010,13.84K,1.32%,255.15B,84.19K,소재
이수화학,005950,11.74K,2.71%,252.36B,81.86K,소재
동국홀딩스,001230,8.15K,1.24%,250.37B,169.61K,소재
남선알미우,008355,20.75K,3.49%,246.91B,10.69K,소재
남선알미늄,008350,1.91K,2.47%,246.91B,11.63M,소재
포스코스틸리온,058430,45.30K,10.76%,245.02B,822.18K,소재
심팩,009160,4.48K,1.47%,239.60B,127.44K,소재
한솔제지,213500,10.04K,1.11%,236.10B,37.44K,소재
CR홀딩스,000480,5.72K,0.18%,235.60B,22.05K,소재
서흥캅셀,008490,21.40K,1.90%,233.50B,4.17K,소재
한국석유,004090,17.23K,-9.46%,232.05B,2.36M,소재
삼영무역,002810,12.80K,-0.70%,227.23B,11.11K,소재
KPX홀딩스,092230,55.50K,0.00%,218.18B,662.00,소재
효성화학,298000,58.00K,1.05%,216.94B,6.85K,소재
동성코퍼레이션,102260,4.50K,2.28%,213.92B,154.00K,소재
성신양회우,004985,12.58K,1.37%,210.73B,2.19K,소재
성신양회,004980,8.44K,0.96%,210.73B,45.57K,소재
KPX케미칼,025000,44.50K,0.45%,210.66B,4.64K,소재
세하,027970,1.03K,0.29%,202.16B,22.76K,소재
이구산업,025820,6.02K,2.38%,196.63B,3.12M,소재
NPC우,004255,2.76K,0.91%,192.55B,7.94K,소재
NPC,004250,5.10K,2.72%,192.55B,83.69K,소재
GS 글로벌,001250,2.44K,4.51%,192.21B,416.63K,소재
AK 홀딩스,006840,14.83K,0.95%,191.64B,4.76K,소재
Chosun Refractories,462520,16.20K,0.75%,190.53B,11.79K,소재
무림P&P,009580,3.02K,0.17%,188.34B,61.05K,소재
태림포장,011280,2.83K,3.85%,187.59B,91.22K,소재
노루페인트우,090355,13.40K,2.92%,187.43B,1.54K,소재
노루페인트,090350,9.24K,1.87%,187.43B,44.43K,소재
신대양제지,016590,5.68K,2.16%,180.92B,36.28K,소재
미원에스씨,107590,77.60K,-0.64%,180.84B,109.00,소재
Dongkuk Coated Metal,460850,6.13K,2.51%,178.79B,80.74K,소재
일진다이아,081000,12.75K,1.51%,178.33B,14.77K,소재
삼화페인트,000390,7.66K,2.41%,176.46B,142.32K,소재
동양,001520,914.00,0.77%,175.07B,128.47K,소재
동양우,001525,5.58K,0.36%,175.07B,101.00,소재
동양2우B,001527,11.25K,-0.09%,175.07B,999.00,소재
경농,002100,9.87K,1.13%,174.36B,13.81K,소재
강남제비스코,000860,26.55K,2.31%,168.68B,9.62K,소재
태경산업,015890,5.87K,2.26%,167.77B,22.15K,소재
그린케미칼,083420,7.26K,2.69%,164.92B,75.30K,소재
아주스틸,139990,6.28K,2.78%,161.62B,41.93K,소재
페이퍼코리아,001020,863.00,0.82%,152.30B,9.41K,소재
태경케미컬,006890,13.29K,1.37%,148.59B,21.23K,소재
금강공업,014280,5.41K,2.27%,147.25B,45.48K,소재
금강공업우,014285,8.74K,1.04%,147.25B,649.00,소재
태경비케이,014580,5.27K,1.74%,142.88B,106.85K,소재
미원화학,134380,71.00K,0.71%,142.36B,847.00,소재
경인양행,012610,3.38K,0.30%,139.91B,40.76K,소재
대영포장,014160,1.32K,3.44%,138.75B,1.55M,소재
한국주철관,000970,6.43K,0.63%,137.46B,12.63K,소재
만호제강,001080,47.15K,0.00%,136.40B,0.00,소재
삼영,003720,3.96K,2.33%,128.34B,89.35K,소재
NI스틸,008260,4.48K,1.82%,125.84B,469.74K,소재
성창기업지주,000180,1.91K,0.26%,121.23B,33.48K,소재
노루홀딩스,000320,11.18K,0.63%,121.09B,11.53K,소재
노루홀딩스우,000325,31.15K,4.88%,121.09B,623.00,소재
한솔홀딩스,004150,2.75K,1.10%,114.26B,48.98K,소재
동남합성,023450,31.15K,-0.16%,113.90B,764.00,소재
황금에스티,032560,6.75K,1.20%,113.32B,43.88K,소재
대창,012800,1.53K,3.38%,113.03B,1.84M,소재
세아특수강,019440,13.53K,0.52%,112.32B,7.54K,소재
삼원강재,023000,2.76K,1.47%,108.80B,13.58K,소재
한국특강,007280,1.74K,0.75%,105.21B,14.74K,소재
수출포장,002200,2.65K,1.15%,100.06B,76.93K,소재
디씨엠,024090,11.08K,-0.54%,99.07B,1.99K,소재
한국내화,010040,2.81K,1.63%,97.81B,8.69K,소재
테이팩스,055490,21.40K,4.39%,97.68B,12.90K,소재
조선선재,120030,97.40K,5.07%,92.70B,9.92K,소재
동일산업,004890,42.00K,-0.47%,91.41B,812.00,소재
진양산업,003780,6.58K,-0.15%,85.67B,38.37K,소재
대양금속,009190,2.08K,-4.59%,85.61B,1.19M,소재
무림페이퍼,009200,2.08K,0.97%,85.51B,54.03K,소재
유니온,000910,5.59K,6.27%,82.12B,1.36M,소재
영풍제지,006740,1.92K,3.51%,81.80B,436.40K,소재
깨끗한나라,004540,2.22K,1.60%,81.37B,32.88K,소재
깨끗한나라우,004545,13.44K,1.43%,81.37B,295.00,소재
동양철관,008970,711.00,4.10%,81.19B,640.56K,소재
일신석재,007110,1.04K,2.26%,78.82B,87.91K,소재
동방아그로,007590,6.26K,0.00%,77.66B,3.29K,소재
대호에이엘,069460,1.15K,1.76%,76.51B,869.13K,소재
SH에너지화학,002360,644.00,-2.28%,72.02B,1.39M,소재
영보화학,014440,3.44K,0.73%,66.50B,28.77K,소재
조비,001550,12.74K,1.35%,65.26B,7.87K,소재
진양폴리,010640,6.34K,0.00%,63.40B,43.20K,소재
서원,021050,1.35K,2.35%,62.52B,690.60K,소재
조광페인트,004910,6.16K,2.67%,60.97B,23.69K,소재
한솔홈데코,025750,754.00,0.27%,60.58B,77.60K,소재
부국철강,026940,3.06K,2.00%,60.00B,1.87M,소재
DSR제강,069730,4.11K,0.00%,59.18B,77.36K,소재
하이스틸,071090,3.43K,18.07%,58.63B,16.50M,소재
삼화왕관,004450,31.75K,-0.31%,57.77B,241.00,소재
한일철강,002220,2.41K,2.34%,57.35B,208.93K,소재
성보화학,003080,2.90K,-0.17%,56.81B,21.45K,소재
삼일씨엔에스,004440,4.44K,0.79%,56.08B,17.93K,소재
이건산업,008250,5.37K,-0.56%,56.03B,19.71K,소재
부산산업,011390,53.30K,1.14%,55.65B,747.00,소재
진양화학,051630,3.56K,1.71%,55.30B,40.02K,소재
문배철강,008420,2.85K,3.07%,54.28B,2.80M,소재
유니드비티플러스,446070,5.00K,1.32%,52.37B,54.30K,소재
금비,008870,61.20K,0.16%,50.01B,9.42K,소재
한창제지,009460,823.00,0.12%,49.05B,42.26K,소재
티웨이홀딩스,004870,445.00,1.37%,49.00B,131.48K,소재
세우글로벌,013000,1.47K,5.07%,40.19B,75.41K,소재
이화산업,000760,14.38K,0.63%,40.01B,167.00,소재
원림,005820,19.13K,0.00%,39.35B,2.12K,소재
화인베스틸,133820,1.31K,3.15%,39.09B,39.62K,소재
동일제강,002690,1.84K,1.15%,36.95B,17.97K,소재
위스컴,024070,2.36K,2.39%,35.33B,13.01K,소재
영흥철강,012160,507.00,0.80%,32.44B,74.13K,소재
SUN&L,002820,2.52K,1.82%,29.80B,11.02K,소재
성문전자,014910,1.46K,2.38%,29.62B,78.00K,소재
성문전자우,014915,6.31K,3.61%,29.62B,227.00,소재
카프로,006380,732.00,0.00%,29.28B,0.00,소재
한국주강,025890,2.42K,0.83%,26.75B,32.88K,소재
한솔PNS,010420,1.24K,3.69%,24.47B,48.55K,소재
신풍제지,002870,845.00,-0.59%,23.55B,72.62K,소재
신화실업,001770,18.25K,-0.05%,22.18B,2.05K,소재
SK이노우,096775,76.00K,1.88%,9.78T,1.63K,소재
SK이노베이션,096770,106.20K,1.34%,9.78T,225.17K,에너지
S-Oil우,010955,48.35K,-0.62%,8.66T,8.94K,에너지
S-oil,010950,75.40K,0.13%,8.66T,234.58K,에너지
 SK우,03473K,127.90K,-0.47%,8.61T,1.23K,에너지
SK그룹,034730,156.80K,-0.13%,8.61T,112.88K,에너지
HD현대,267250,61.10K,0.00%,4.32T,352.17K,에너지
한화케미칼우,009835,20.60K,3.47%,4.13T,8.41K,에너지
한화솔루션,009830,25.50K,5.81%,4.13T,1.08M,에너지
씨에스윈드,112610,51.10K,0.39%,2.11T,287.09K,에너지
SK가스,018670,152.70K,-0.84%,1.38T,5.78K,에너지
두산퓨얼셀,336260,19.43K,8.06%,1.18T,334.54K,에너지
두산퓨얼셀1우,33626K,6.01K,5.25%,1.18T,151.28K,에너지
SK디스커버리우,006125,30.90K,1.98%,806.95B,2.26K,에너지
SK디스커버리,006120,42.65K,1.07%,806.95B,20.67K,에너지
E1,017940,65.10K,-0.31%,377.55B,6.78K,에너지
이아이디,093230,1.39K,0.00%,354.07B,0.00,에너지
한국쉘석유,002960,264.50K,0.38%,342.55B,3.10K,에너지
HD현대에너지솔루션,322000,23.95K,3.90%,258.16B,80.01K,에너지
경동가스,012320,69.40K,3.58%,146.08B,68.00K,에너지
대성산업,128820,3.76K,0.13%,140.66B,105.69K,에너지
극동유화,014530,3.93K,-2.24%,135.35B,688.23K,에너지
미창석유,003650,76.00K,1.47%,113.32B,2.73K,에너지
DS단석,017860,124.60K,2.55%,-,26.40K,에너지
한국전력,015760,20.40K,3.19%,12.69T,1.87M,에너지
GS,078930,42.30K,-0.12%,4.00T,191.66K,유틸리티
GS우,078935,36.70K,0.82%,4.00T,11.53K,유틸리티
한국가스공사,036460,25.45K,1.80%,2.15T,166.08K,유틸리티
SK Eternix,475150,22.30K,0.90%,564.88B,1.12M,유틸리티
지역난방공사,071320,39.30K,3.01%,441.73B,12.59K,유틸리티
SGC에너지,005090,22.35K,-0.22%,322.72B,13.01K,유틸리티
삼천리,004690,90.50K,1.00%,306.79B,3.87K,유틸리티
대성에너지,117580,8.80K,-3.08%,246.93B,478.16K,유틸리티
서울가스,017390,57.00K,0.71%,219.77B,3.91K,유틸리티
예스코,015360,38.40K,-0.13%,164.02B,1.97K,유틸리티
경동도시가스,267290,19.30K,0.36%,113.27B,9.20K,유틸리티
인천도시가스,034590,25.45K,0.39%,104.49B,289.00,유틸리티
한진중공업홀딩스,003480,3.33K,2.62%,84.79B,39.38K,유틸리티
KT&G,033780,89.80K,1.01%,10.03T,178.34K,유틸리티
아모레퍼시픽우,090435,40.65K,4.23%,8.71T,40.13K,필수소비재
아모레퍼시픽,090430,146.50K,3.10%,8.71T,317.60K,필수소비재
LG생활건강우,051905,172.60K,-0.52%,6.02T,7.63K,필수소비재
LG생활건강,051900,381.50K,-1.17%,6.02T,115.11K,필수소비재
CJ제일우,097955,142.50K,1.71%,5.00T,1.79K,필수소비재
CJ제일제당,097950,332.00K,1.37%,5.00T,43.01K,필수소비재
오리온,271560,91.20K,0.11%,3.60T,322.48K,필수소비재
CJ우,001045,58.00K,1.93%,3.57T,819.00,필수소비재
CJ4우,00104K,82.50K,5.50%,3.57T,18.24K,필수소비재
CJ 그룹,001040,120.00K,4.44%,3.57T,163.60K,필수소비재
아모레G우,002795,10.70K,1.52%,2.39T,13.30K,필수소비재
아모레G,002790,30.45K,3.22%,2.39T,310.15K,필수소비재
농심,004370,380.00K,0.13%,2.19T,16.74K,필수소비재
두산2우B,000157,72.30K,-0.69%,2.11T,2.24K,필수소비재
두산우,000155,66.50K,1.68%,2.11T,3.05K,필수소비재
두산,000150,141.00K,1.15%,2.11T,182.07K,필수소비재
BGF리테일,282330,125.60K,3.37%,2.10T,146.45K,필수소비재
삼양식품,003230,268.50K,3.07%,1.94T,129.70K,필수소비재
GS리테일,007070,19.07K,2.53%,1.92T,151.91K,필수소비재
동서,026960,17.98K,3.21%,1.72T,171.35K,필수소비재
이마트,139480,61.20K,-0.81%,1.65T,115.32K,필수소비재
코스맥스,192820,135.30K,2.66%,1.50T,121.97K,필수소비재
하이트진로2우,000087,15.90K,0.32%,1.45T,492.00,필수소비재
하이트진로,000080,21.00K,0.96%,1.45T,58.18K,필수소비재
오뚜기,007310,392.50K,-0.38%,1.34T,1.96K,필수소비재
동원산업,006040,36.10K,1.40%,1.28T,35.21K,필수소비재
롯데칠성우,005305,67.20K,0.90%,1.21T,170.00,필수소비재
롯데칠성,005300,126.00K,0.96%,1.21T,9.57K,필수소비재
한국콜마,161890,50.50K,3.59%,1.15T,124.02K,필수소비재
효성,004800,56.30K,1.44%,1.10T,24.30K,필수소비재
롯데웰푸드,280360,124.00K,2.65%,1.07T,8.17K,필수소비재
오리온홀딩스,001800,13.81K,-0.07%,831.36B,31.74K,필수소비재
동원F&B,049770,38.20K,2.41%,719.73B,103.83K,필수소비재
대상우,001685,16.85K,6.31%,718.14B,64.47K,필수소비재
대상,001680,20.80K,3.48%,718.14B,164.00K,필수소비재
빙그레,005180,65.10K,0.93%,570.30B,162.40K,필수소비재
삼양홀딩스우,000075,53.80K,-1.28%,516.24B,407.00,필수소비재
삼양홀딩스,000070,67.30K,0.15%,516.24B,3.36K,필수소비재
애경산업,018250,20.20K,5.37%,492.70B,239.59K,필수소비재
쿠쿠홈시스,284740,21.90K,0.92%,486.57B,13.35K,필수소비재
삼양사우,145995,28.00K,0.72%,471.37B,271.00,필수소비재
삼양사,145990,48.55K,1.78%,471.37B,6.75K,필수소비재
SPC삼립,005610,57.30K,0.00%,464.43B,3.44K,필수소비재
풀무원홀딩스,017810,11.66K,-1.60%,435.73B,95.10K,필수소비재
Hyundai Green Food,453340,11.90K,0.85%,399.44B,35.63K,필수소비재
남양유업우,003925,401.50K,0.63%,395.48B,298.00,필수소비재
남양유업,003920,494.50K,2.17%,395.48B,1.09K,필수소비재
BGF,027410,3.60K,1.26%,340.72B,41.85K,필수소비재
대상홀딩스우,084695,18.80K,15.34%,325.23B,79.40K,필수소비재
대상홀딩스우,084695,18.80K,15.34%,325.23B,79.40K,필수소비재
HLB글로벌,003580,7.25K,0.28%,321.86B,264.76K,필수소비재
농심홀딩스,072710,63.80K,-0.93%,298.67B,3.87K,필수소비재
한국콜마홀딩스,024720,8.23K,3.78%,291.58B,107.93K,필수소비재
종근당,001630,61.30K,1.49%,287.54B,2.29K,필수소비재
대한제당,001790,3.04K,1.16%,269.54B,220.72K,필수소비재
대한제당우,001795,2.77K,0.36%,269.54B,13.53K,필수소비재
사조대림,003960,35.70K,4.39%,265.16B,13.65K,필수소비재
대한제분,001130,129.50K,0.47%,212.07B,965.00,필수소비재
잇츠한불,226320,11.93K,2.76%,204.53B,16.72K,필수소비재
교촌에프앤비,339770,8.01K,2.17%,195.86B,14.80K,필수소비재
하이트진로홀딩스,000140,8.94K,0.45%,195.66B,4.60K,필수소비재
하이트진로홀딩스우,000145,11.82K,1.03%,195.66B,18.00,필수소비재
토니모리,214420,7.93K,4.34%,181.66B,1.42M,필수소비재
사조산업,007160,35.90K,0.56%,178.25B,3.42K,필수소비재
에이블씨엔씨,078520,6.67K,3.89%,167.01B,81.41K,필수소비재
선진,136490,7.00K,1.16%,164.55B,33.06K,필수소비재
해태제과식품,101530,5.23K,1.95%,136.04B,15.36K,필수소비재
사조동아원,008040,965.00,0.00%,136.01B,120.63K,필수소비재
신라교역,004970,8.49K,-0.59%,134.80B,34.73K,필수소비재
무학,033920,5.10K,0.39%,134.55B,17.83K,필수소비재
신세계푸드,031440,34.20K,-0.44%,133.01B,11.19K,필수소비재
샘표식품,248170,27.45K,1.86%,123.07B,15.73K,필수소비재
모나리자,012690,3.15K,2.27%,112.61B,267.16K,필수소비재
한국화장품,123690,6.90K,3.76%,106.85B,331.94K,필수소비재
조흥,002600,174.70K,-0.11%,104.94B,5.00,필수소비재
팜스코,036580,2.90K,0.70%,100.68B,21.02K,필수소비재
크라운제과,264900,8.06K,0.50%,100.44B,4.82K,필수소비재
크라운제과우,26490K,10.57K,1.15%,100.44B,980.00,필수소비재
CJ씨푸드,011150,2.71K,0.37%,97.01B,63.59K,필수소비재
CJ씨푸드1우,011155,20.00K,1.37%,97.01B,69.00,필수소비재
샘표,007540,48.30K,1.05%,96.34B,2.56K,필수소비재
현대코퍼레이션홀딩스,227840,10.72K,0.28%,94.30B,5.70K,필수소비재
한국화장품제조,003350,26.00K,1.96%,92.44B,38.73K,필수소비재
코스맥스,044820,9.59K,2.13%,89.72B,2.88K,필수소비재
크라운해태홀딩스,005740,5.85K,1.92%,88.09B,8.96K,필수소비재
크라운해태우,005745,9.70K,0.10%,88.09B,234.00,필수소비재
사조오양,006090,8.60K,0.47%,80.66B,1.64K,필수소비재
고려산업,002140,3.16K,0.32%,77.71B,99.51K,필수소비재
고려포리머,009810,598.00,-2.29%,77.57B,136.78K,필수소비재
신송홀딩스,006880,7.32K,3.10%,76.61B,149.39K,필수소비재
마니커,027740,1.11K,1.56%,69.28B,97.07K,필수소비재
보해양조,000890,494.00,1.23%,67.88B,120.64K,필수소비재
보락,002760,1.14K,0.80%,67.51B,68.28K,필수소비재
서울식품,004410,172.00,0.00%,64.46B,941.53K,필수소비재
서울식품우,004415,1.72K,0.06%,64.46B,3.72K,필수소비재
삼정펄프,009770,24.65K,0.20%,61.50B,655.00,필수소비재
사조씨푸드,014710,3.35K,0.30%,57.60B,8.39K,필수소비재
우성,006980,19.33K,-0.57%,49.90B,3.66K,필수소비재
제이준코스메틱,025620,6.43K,0.31%,28.68B,10.29K,필수소비재
한성기업,003680,5.06K,3.27%,27.68B,31.38K,필수소비재
동원수산,030720,5.92K,1.54%,27.13B,10.92K,필수소비재
삼성바이오로직스,207940,790.00K,1.80%,55.23T,32.71K,필수소비재
셀트리온,068270,177.10K,3.57%,35.44T,463.65K,헬스케어
SK 바이오팜 ,326030,84.50K,4.71%,6.32T,85.31K,헬스케어
유한양행,000100,70.10K,2.34%,5.11T,241.26K,헬스케어
유한양행우,000105,60.70K,0.00%,5.11T,968.00,헬스케어
SK바사,302440,58.20K,2.65%,4.36T,66.34K,헬스케어
한미약품,128940,316.00K,6.22%,3.77T,40.53K,헬스케어
한미사이언스,008930,32.70K,2.99%,2.15T,210.82K,헬스케어
한올바이오파마,009420,33.30K,4.39%,1.62T,235.57K,헬스케어
종근당홀딩스,185750,101.60K,2.52%,1.26T,17.43K,헬스케어
녹십자,006280,110.60K,0.91%,1.25T,10.10K,헬스케어
대웅제약,069620,109.40K,1.20%,1.24T,15.01K,헬스케어
에스디바이오센서,137310,10.03K,0.50%,1.22T,135.96K,헬스케어
덴티움,145720,130.00K,0.78%,1.11T,32.92K,헬스케어
보령,003850,11.21K,3.60%,718.52B,192.52K,헬스케어
대웅,003090,17.76K,2.07%,711.50B,30.32K,헬스케어
동아쏘시오홀딩스,000640,115.90K,2.39%,707.58B,4.87K,헬스케어
녹십자홀딩스,005250,15.54K,2.17%,693.31B,50.44K,헬스케어
녹십자홀딩스2우,005257,26.30K,-1.31%,693.31B,1.61K,헬스케어
신풍제약,019170,13.07K,2.43%,675.39B,115.17K,헬스케어
신풍우,019175,24.75K,5.54%,675.39B,4.84K,헬스케어
JW중외제약,001060,29.80K,4.93%,662.56B,72.80K,헬스케어
JW Pharmaceutical,001065,29.70K,4.03%,662.56B,126.00,헬스케어
JW중외제약2우B,001067,59.40K,-0.17%,662.56B,5.00,헬스케어
동아에스티,170900,68.80K,3.61%,566.52B,19.80K,헬스케어
부광약품,003000,6.09K,1.50%,410.73B,148.64K,헬스케어
BioNote,377740,4.04K,1.38%,407.20B,16.27K,헬스케어
일동제약,249420,14.81K,2.85%,402.23B,53.74K,헬스케어
영진약품,003520,2.03K,0.25%,370.36B,136.93K,헬스케어
파미셀,005690,5.72K,3.06%,333.02B,179.95K,헬스케어
유나이티드제약,033270,22.75K,1.56%,329.53B,19.61K,헬스케어
대원제약,003220,14.76K,1.72%,307.55B,109.33K,헬스케어
광동제약,009290,6.69K,1.36%,264.53B,81.63K,헬스케어
삼진제약,005500,19.69K,0.31%,250.77B,23.31K,헬스케어
일양약품,007570,13.85K,0.22%,248.37B,19.20K,헬스케어
일양약품우,007575,15.39K,0.92%,248.37B,175.00,헬스케어
이연제약,102460,13.38K,2.84%,238.62B,22.25K,헬스케어
하나제약,293480,13.27K,0.84%,233.89B,7.33K,헬스케어
제일약품,271980,16.65K,3.93%,233.44B,98.58K,헬스케어
동화약품,000020,8.58K,2.63%,231.72B,30.92K,헬스케어
JW홀딩스,096760,2.97K,2.41%,209.45B,105.60K,헬스케어
환인제약,016580,13.73K,0.22%,209.16B,9.62K,헬스케어
삼일제약,000520,9.76K,0.21%,185.47B,266.89K,헬스케어
JW생명과학,234080,12.12K,2.71%,182.72B,16.02K,헬스케어
한독,002390,13.25K,2.08%,178.65B,13.38K,헬스케어
경보제약,214390,7.44K,0.00%,177.87B,0.00,헬스케어
진원생명과학,011000,2.29K,1.33%,176.49B,133.55K,헬스케어
한컴라이프케어,372910,5.93K,0.51%,163.28B,2.72M,헬스케어
제일파마,002620,10.28K,4.47%,151.06B,531.93K,헬스케어
삼성제약,001360,1.63K,1.87%,150.78B,297.43K,헬스케어
신흥,004080,14.95K,0.88%,139.84B,18.61K,헬스케어
일성신약,003120,19.07K,0.05%,132.83B,16.86K,헬스케어
종근당바이오,063160,23.50K,0.86%,127.82B,3.38K,헬스케어
동성제약,002210,5.29K,-0.75%,121.88B,28.04K,헬스케어
에이프로젠제약,003060,1.59K,-0.13%,105.01B,330.83K,헬스케어
현대약품,004310,3.79K,1.34%,103.65B,29.43K,헬스케어
국제약품,002720,5.01K,2.24%,99.23B,216.41K,헬스케어
프레스티지바이오파마,950210,8.05K,1.26%,95.55B,9.34K,헬스케어
일동홀딩스,000230,8.44K,0.96%,94.40B,12.28K,헬스케어
팜젠사이언스,004720,5.20K,0.19%,94.13B,3.14M,헬스케어
유유제약,000220,4.68K,3.08%,73.46B,109.69K,헬스케어
유유제약2우B,000227,10.90K,-0.82%,73.46B,2.65K,헬스케어
유유제약1우,000225,4.97K,1.63%,73.46B,11.52K,헬스케어
에스메디,118000,512.00,1.79%,71.82B,290.68K,헬스케어
명문제약,017180,2.06K,0.73%,68.74B,21.32K,헬스케어
오리엔트바이오,002630,546.00,1.87%,63.55B,120.12K,헬스케어
비케이탑스,030790,904.00,0.00%,24.63B,0.00,헬스케어
